item_name,total_revenue,revenue_rank,dense_rank,row_number
Google Zip Hoodie F/C,12936.0,1,1,1
Google Crewneck Sweatshirt Navy,10219.0,2,2,2
Google Men's Tech Fleece Grey,9147.0,3,3,3
Google Badge Heavyweight Pullover Black,8920.0,4,4,4
Super G Unisex Joggers,8844.0,5,5,5
Google Crewneck Sweatshirt Green,8074.0,6,6,6
Google Men's Puff Jacket Black,6095.0,7,7,7
Google Sherpa Zip Hoodie Charcoal,5845.0,8,8,8
Google Women's Puff Jacket Black,5221.0,9,9,9
Google Utility BackPack,5160.0,10,10,10
Google Men's Tech Fleece Vest Charcoal,5059.0,11,11,11
Android Iconic Crewneck Sweatshirt,4939.0,12,12,12
Google Sherpa Zip Hoodie Navy,4787.0,13,13,13
Google Crewneck Sweatshirt Grey,4224.0,14,14,14
Google F/C Longsleeve Charcoal,4146.0,15,15,15
Google Red Speckled Tee,3996.0,16,16,16
Google Navy Speckled Tee,3936.0,17,17,17
Google Black Cloud Zip Hoodie,3742.0,18,18,18
Google Campus Bike,3704.0,19,19,19
Google Cotopaxi Shell,3622.0,20,20,20
Google F/C Longsleeve Ash,3570.0,21,21,21
Google Dino Game Tee,3360.0,22,22,22
Google Incognito Techpack V2,3154.0,23,23,23
Google Women's Grid Zip-Up,3030.0,24,24,24
Google Unisex Eco Tee Black,2972.0,25,25,25
Google Men's Softshell Moss,2866.0,26,26,26
Google Canteen Bottle Black,2856.0,27,27,27
Google NYC Campus Zip Hoodie,2764.0,28,28,28
Google Raincoat Navy,2664.0,29,29,29
Google Heathered Pom Beanie,2412.0,30,30,30
Google Camp Mug Ivory,2365.0,31,31,31
Google Toddler FC Zip Hoodie,2268.0,32,32,32
Google Women's Microfleece Jacket Black,2130.0,33,33,33
Google Flat Front Bag Grey,2100.0,34,34,34
Google Crew Socks,2086.0,35,35,35
Google Glass Bottle,2016.0,36,36,36
Google Perk Thermal Tumbler,1928.0,37,37,37
Google Leather Strap Hat Blue,1908.0,38,38,38
Google Sherpa Vest Black,1844.0,39,39,39
Google Land & Sea Cotton Cap,1837.0,40,40,40
YouTube Icon Tee Charcoal,1736.0,41,41,41
Google Heather Green Speckled Tee,1735.0,42,42,42
Google Woodtop Bottle Black,1674.0,43,43,43
Google Speckled Beanie Navy,1568.0,44,44,44
Google Incognito Zip Pack,1540.0,45,45,45
Noogler Android Figure,1484.0,46,46,46
Google Crew Combed Cotton Sock,1479.0,47,47,47
Google Chrome Dinosaur Collectible,1476.0,48,48,48
Android Pocket Tee Navy,1471.0,49,49,49
Womens Google Striped LS,1456.0,50,50,50
Google KeepCup,1421.0,51,51,51
Google Women's Tech Fleece Grey,1403.0,52,52,52
Google Land & Sea French Terry Sweatshirt,1375.0,53,53,53
YouTube Icon Tee Grey,1300.0,54,54,54
Google Soft Modal Scarf,1296.0,55,55,55
Google Land & Sea Nalgene Water Bottle,1280.0,56,56,56
Google Seaport Tote,1272.0,57,57,57
Google Thermal Tumbler Navy,1262.0,58,58,58
Google SF Campus Zip Hoodie,1206.0,59,59,59
Gift Card- $100.00,1200.0,60,60,60
Google Sunnyvale Campus Zip Hoodie,1161.0,61,61,61
Google Speckled Beanie Grey,1156.0,62,62,62
Google Women's Tech Fleece Vest Charcoal,1144.0,63,63,63
Google Camp Mug Gray,1105.0,64,64,64
Google Toddler FC Tee Charcoal,1080.0,65,65,65
YouTube Twill Sandwich Cap Black,1062.0,66,66,66
Gift Card - $25.00,1050.0,67,67,67
Google Super G Tumbler (Red Lid),1042.0,68,68,68
Google Infant Charcoal Onesie,1040.0,69,69,69
Google Large Standard Journal Grey,1035.0,70,70,70
Google Campus Bike Eco Tee Navy,1000.0,71,71,71
Google Knit Blanket,998.0,72,72,72
Google PNW Campus Zip Hoodie,987.0,73,73,73
Google Cork Base Tumbler,964.0,74,74,74
Android Pocket Onesie Navy,944.0,75,75,75
Google Blue Stojo Cup,915.0,76,76,76
Google Crew Striped Athletic Sock,901.0,77,77,77
Google Incognito Messenger Bag,900.0,78,78,78
Unisex Google Pocket Tee Grey,896.0,79,79,80
Google Packable Bag Black,896.0,79,79,79
Google Black Cork Journal,894.0,81,80,81
Google Incognito Laptop Organizer,887.0,82,81,82
Google Women's Softshell Moss,869.0,83,82,83
Google Summer19 Crew Grey,864.0,84,83,84
Google Youth FC Tee Charcoal,850.0,85,84,85
Google Youth Hero Tee Grey,848.0,86,85,86
Google Large Tote White,844.0,87,86,87
#IamRemarkable Unisex Hoodie,842.0,88,87,88
YouTube Standards Zip Hoodie Black,840.0,89,88,89
Google Split Seam Tee Olive,839.0,90,89,90
Google Mountain View Campus Zip Hoodie,818.0,91,90,91
YouTube Leather Strap Hat Black,810.0,92,91,92
Google Campus Bike Bottle,785.0,93,92,93
Google Youth FC Longsleeve Charcoal,780.0,94,93,94
Google Austin Campus Zip Hoodie,768.0,95,94,95
Google Land & Sea Mug,760.0,96,95,96
Google Campus Bike Corkbase Mug Blue,758.0,97,96,97
Google Land & Sea Journal Set,738.0,98,97,98
Google Beekeepers Tee Mint,738.0,98,97,99
YouTube Crew Socks,728.0,100,98,100
Google Metallic Notebook Set,722.0,101,99,101
Daddy Works at Google Book,720.0,102,100,102
Google Cup Cap Tumbler Grey,714.0,103,101,103
Google Leather Strap Hat Black,713.0,104,102,104
Google Bear Baby Blanket Beige,703.0,105,103,105
Google NYC Campus Mug,697.0,106,104,106
Stan and Friends Tee Green,686.0,107,105,107
Google Magnet,680.0,108,106,108
Android Techie 3D Framed Art,672.0,109,107,109
Google Cambridge Campus Zip Hoodie,667.0,110,108,110
Google Hemp Tote,657.0,111,109,111
Google Incognito Dopp Kit V2,656.0,112,110,112
Google Campus Bike Mini Backpack,656.0,112,110,113
Google Land & Sea Tote Bag,652.0,114,111,114
Google LA Campus Zip Hoodie,644.0,115,112,115
Android Pocket Tee Green,640.0,116,113,117
Google Boulder Campus Zip Hoodie,640.0,116,113,116
Google Chicago Campus Zip Hoodie,635.0,118,114,118
#IamRemarkable Unisex T-Shirt,628.0,119,115,119
YouTube Play Mug,622.0,120,116,120
Google Mural Socks,621.0,121,117,121
Google Infant Hero Tee Olive,618.0,122,118,122
Google Mural Mug,609.0,123,119,123
Google Austin Campus Mug,585.0,124,120,124
Google LA Campus Unisex Tee,580.0,125,121,125
Google Toddler Tee White,571.0,126,122,126
Google See-No Hear-No Set,554.0,127,123,127
Google Super G Tumbler (Blue Lid),552.0,128,124,128
Google Mural Sticky Note Pad,552.0,128,124,129
Android Pocket Toddler Tee Navy,537.0,130,125,130
Android Garden Tee Orange,536.0,131,126,131
Google Tudes Recycled Tee,528.0,132,127,132
Google Mural Bottle,523.0,133,128,133
Google Clear Pen 4-Pack,516.0,134,129,134
Google Campus Bike Tote Navy,514.0,135,130,135
Mural Food Container,503.0,136,131,136
Google Youth Hero Tee Maroon,500.0,137,132,138
Android Super Hero 3D Framed Art,500.0,137,132,137
Google Utensil Set,498.0,139,133,139
Google Sunglasses,472.0,140,134,140
Google Felt Refillable Journal,468.0,141,135,141
Essential Canvas Tote,464.0,142,136,142
Google Seattle Campus Mug,461.0,143,137,143
Google Keychain,460.0,144,138,144
Google Sunnyvale Campus Mug,458.0,145,139,145
Flamingo and Friends Tee Blue,456.0,146,140,146
Android Iconic Mug Gray,452.0,147,141,147
Supernatural Paper Backpack,450.0,148,142,148
Google Chicago Campus Mug,446.0,149,143,150
Stan and Friends Toddler Tee Green,446.0,149,143,149
YouTube 25 oz Gear Cap Bottle Black,438.0,151,144,151
Google Youth Badge Tee Olive,436.0,152,145,152
Mommy Works at Google Book,436.0,152,145,153
Google Mens Microfleece Jacket Black,431.0,154,146,154
White Google Shoreline Bottle,430.0,155,147,155
Google PNW Campus Mug,425.0,156,148,156
Google NYC Campus Bottle,419.0,157,149,157
Google Premium Sunglasses,418.0,158,150,158
Google LA Campus Mug,409.0,159,151,159
Google Small Standard Journal Navy,407.0,160,152,160
Google SF Campus Bottle,406.0,161,153,161
Google NYC Campus Ladies Tee,400.0,162,154,162
Google Infant Hero Onesie Grey,382.0,163,155,164
Stan and Friends Onesie Green,382.0,163,155,163
Android Iconic Hat Green,378.0,165,156,165
Supernatural Paper Tote,376.0,166,157,166
Google Utility Bag Grey,374.0,167,158,167
#IamRemarkable Water Bottle,372.0,168,159,168
Google Cork Passport Holder,364.0,169,160,169
Google Youth Badge Tee Navy,362.0,170,161,171
Google Cork Card Holder,362.0,170,161,170
Google Toddler Hero Tee Olive,361.0,172,162,172
Google Incognito Flap Pack,360.0,173,163,173
Google Twill Cap Charcoal,356.0,174,164,174
Google ApPeel Journal Red,346.0,175,165,175
Google Laptop and Cell Phone Stickers,341.0,176,166,176
Google Mountain View Campus Ladies Tee,340.0,177,167,177
Google Beekeepers Onesie Pink,340.0,177,167,178
Google Cambridge Campus Mug,338.0,179,168,179
Google Tee Yellow,336.0,180,169,180
Google Toddler Hero Tee Black,333.0,181,170,181
Google Bot (Multicolored),332.0,182,171,182
Android Iconic Hat White,327.0,183,172,183
Google Bot,324.0,184,173,184
#IamRemarkable Ladies T-Shirt,322.0,185,174,185
Google Emoji Magnet Set,322.0,185,174,186
Google Mural Notebook,318.0,187,175,187
YouTube Transmission Journal Red,316.0,188,176,188
Google Kirkland Campus Unisex Tee,312.0,189,177,190
Google Sunnyvale Campus Ladies Tee,312.0,189,177,189
Android Iconic Socks,306.0,191,178,191
Google 24oz Ring Bottle Blue,275.0,192,179,192
Android Iconic Hat Black,275.0,192,179,193
Google Lapel Pin,272.0,194,180,194
Google Boulder Campus Unisex Tee,270.0,195,181,195
Stan and Friends Youth Tee Green,270.0,195,181,196
Google LoveHandle Black,266.0,197,182,197
Google Sunnyvale Campus Unisex Tee,264.0,198,183,198
Android Pocket Youth Tee Navy,260.0,199,184,200
#IamRemarkable Journal,260.0,199,184,201
Google SF Campus Ladies Tee,260.0,199,184,199
Google PNW Campus Unisex Tee,256.0,202,185,203
Google Beekeepers Toddler Tee Pink,256.0,202,185,202
Google Sustainable Pencil Pouch,254.0,204,186,204
Google Boulder Campus Mug,253.0,205,187,205
Supernatural Paper Lunch Sack,252.0,206,188,207
Google Youth FC Zip Hoodie,252.0,206,188,206
Gift Card - $50.00,250.0,208,189,208
Google Campus Bike Grid Task Pad,246.0,209,190,209
Google Women's Discovery Lt. Rain Shell,245.0,210,191,210
Android Buoy Bottle,244.0,211,192,212
Google Emoji Sticker Pack,244.0,211,192,211
Google LA Campus Ladies Tee,240.0,213,193,213
Google Large Pet Leash (Red/Yellow),238.0,214,194,214
Google Phone Stand Bamboo,235.0,215,195,215
Android Iconic Beanie,234.0,216,196,216
Youth Jumbo Print Tee White,234.0,216,196,217
Google SF Campus Tote,230.0,218,197,218
Android SM S/F18 Sticker Sheet,230.0,218,197,219
Google Chicago Campus Unisex Tee,228.0,220,198,220
Google 16 oz Tumbler Blue,225.0,221,199,221
Google Shoreline Water Bottle,225.0,221,199,222
Google Men's Discovery Lt. Rain Shell,222.0,223,200,223
Android Iconic Glass Bottle Green,220.0,224,201,224
Android Pocket Youth Tee Green,220.0,224,201,225
Google SF Campus Unisex Tee,218.0,226,202,226
Google Tee Red,217.0,227,203,227
Google Laptop Sleeve Charcoal,208.0,228,204,228
Google Women's Pride Eco-Tee Black,207.0,229,205,229
Google Large Pet Leash (Blue/Green),203.0,230,206,230
Google Land & Sea Women's Eco Tee,200.0,231,207,231
Snowflake Android Cardboard Sculpture,200.0,231,207,232
Google Medium Pet Leash (Blue/Green),196.0,233,208,233
Google Cambridge Campus Unisex Tee,194.0,234,209,234
Google Mesh Bag Blue,189.0,235,210,235
YouTube Iconic Play Pin,188.0,236,211,236
Google 24 oz Ring Bottle Red,186.0,237,212,237
Google Chicago Campus Bottle,185.0,238,213,238
Google Beekeepers Youth Tee Pink,182.0,239,214,239
Google Cork Journal,179.0,240,215,240
Google Austin Campus Bottle,179.0,240,215,241
Google Color Block Notebook,178.0,242,216,242
Google Mural Tote,176.0,243,217,243
Google Clear Framed Blue Shades,174.0,244,218,245
Google Cork Pencil Pouch,174.0,244,218,244
Google Tee Grey,173.0,246,219,246
Google Light Pen Blue,172.0,247,220,247
Google Large Pet Collar (Blue/Green),168.0,248,221,248
Google Medium Pet Collar (Blue/Green),168.0,248,221,249
Google Recycled Writing Set,165.0,250,222,251
Google Blue Kids Sunglasses,165.0,250,222,250
Google Tee Green,164.0,252,223,253
Google Tee Blue,164.0,252,223,254
Android Large Trace Journal Black,164.0,252,223,252
Google Sunnyvale Campus Bottle,163.0,255,224,255
Google Totepak,162.0,256,225,256
Google Boulder Campus Ladies Tee,162.0,256,225,257
Google Confetti Task Pad,156.0,258,226,258
Google Campus Bike Carry Pouch,156.0,258,226,259
Google Pen White,153.0,260,227,260
Google Clear Framed Yellow Shades,153.0,260,227,261
YouTube Jotter Task Pad,152.0,262,228,262
Google Mural Sticker Sheet,150.0,263,229,263
Keyboard DOT Sticker,150.0,263,229,264
Google Maps Pin,149.0,265,230,265
Google Large Pet Collar (Red/Yellow),147.0,266,231,266
Google Confetti Accessory Pouch,146.0,267,232,268
Google Aluminum Bottle Red,146.0,267,232,267
Android Iconic Backpack,145.0,269,233,269
Google Light Pen Red,144.0,270,234,272
Google Clear Framed Gray Shades,144.0,270,234,271
Android Lumberjack Pin,144.0,270,234,270
Google Chicago Campus Ladies Tee,140.0,273,235,274
Google Austin Campus Ladies Tee,140.0,273,235,276
Google Kirkland Campus Ladies Tee,140.0,273,235,277
Google Women's Kirkland Pullover,140.0,273,235,273
Google Medium Pet Collar (Red/Yellow),140.0,273,235,275
Google NYC Campus Unisex Tee,140.0,273,235,278
Google Recycled Notebook Set Natural,138.0,279,236,280
Google Felt Strap Keyring,138.0,279,236,279
Google Chrome Dino Light Up Water Bottle,133.0,281,237,281
Google Kirkland Campus Mug,133.0,281,237,282
Google Felt Luggage Tag,130.0,283,238,283
Google Youth F/C Pullover Hoodie,128.0,284,239,284
Google Light Pen Green,128.0,284,239,285
Google Large White Gift Bag 5/PK,126.0,286,240,287
Google Women's Black Tee,126.0,286,240,286
Google LA Campus Bottle,124.0,288,241,288
Google Cork Key Ring,119.0,289,242,289
Android Puzzlebot v2,119.0,289,242,290
Google Confetti Slim Task Pad,118.0,291,243,292
Android Iconic Notebook,118.0,291,243,291
Google Mountain View Campus Unisex Tee,116.0,293,244,294
Google Austin Campus Tote,116.0,293,244,293
Google Red Kids Sunglasses,113.0,295,245,295
Google PNW Campus Bottle,110.0,296,246,299
#IamRemarkable Pen,110.0,296,246,296
Android Large Removable Sticker Sheet,110.0,296,246,297
Google Cork Tablet Case,110.0,296,246,298
Google Tee F/C Black,105.0,300,247,300
BLM Unisex Pullover Hoodie,104.0,301,248,302
Google Mouse Pad Navy,104.0,301,248,301
Google Austin Campus Unisex Tee,102.0,303,249,303
Google Cloud Pen,99.0,304,250,304
Google Recycled Pen Black,98.0,305,251,305
Google LA Campus Tote,94.0,306,252,306
Google Cambridge Campus Ladies Tee,92.0,307,253,308
Google PNW Campus Ladies Tee,92.0,307,253,307
Google Tee Mint Green,92.0,307,253,309
Google Seattle Campus Ladies Tee,84.0,310,254,310
Google NYC Campus Lapel Pin,82.0,311,255,312
Google Mini Kick Ball,82.0,311,255,311
Google Red YoYo,80.0,313,256,313
Android Small Trace Journal Black,79.0,314,257,314
Google Blue YoYo,79.0,314,257,316
Google Mesh Bag Red,79.0,314,257,315
Google Cambridge Campus Bottle,77.0,317,258,317
Google Land & Sea Tech Taco,75.0,318,259,318
Google Decal,73.0,319,260,319
Google Small White Gift Bag 5/PK,72.0,320,261,322
Google Tudes Thermal Bottle,72.0,320,261,320
Android Iconic Pin,72.0,320,261,321
Google Tonal Tee Coral,67.0,323,262,323
Google Pen Bright Blue,66.0,324,263,324
Stainless Straight Straw/Cleaner,61.0,325,264,325
Google Chicago Campus Tote,58.0,326,265,326
Google Yellow YoYo,57.0,327,266,327
Google Medium Pet Leash (Red/Yellow),56.0,328,267,328
YouTube Women's Favorite Tee White,56.0,328,267,329
Google Boulder Campus Bottle,55.0,330,268,330
Android Hipster Pin,52.0,331,269,331
Google Pen Citron,51.0,332,270,332
Google Pen Neon Coral,50.0,333,271,334
Google Pen Lilac,50.0,333,271,335
Google Pride Sticker,50.0,333,271,333
Maze Pen,49.0,336,272,336
Google Sunnyvale Campus Tote,48.0,337,273,337
Google SF Campus Lapel Pin,47.0,338,274,338
Google NYC Campus Sticker,46.0,339,275,339
#IamRemarkable Tote,46.0,339,275,340
Google Small Cable Organizer Blue,45.0,341,276,341
Google Pen Grey,44.0,342,277,342
Google Pen Grass Green,43.0,343,278,343
Google Tech Taco,41.0,344,279,344
Google PNW Campus Tote,40.0,345,280,345
Google LA Campus Sticker,40.0,345,280,346
Google Austin Campus Lapel Pin,39.0,347,281,347
Android Iconic Sticker Sheet,38.0,348,282,348
Google Boulder Campus Tote,36.0,349,283,349
Google LA Campus Lapel Pin,36.0,349,283,350
Google Pen Red,36.0,349,283,351
#IamRemarkable Lapel Pin,35.0,352,284,353
Android Iconic Pen,35.0,352,284,352
Google Jotter Task Pad,34.0,354,285,354
Google Confetti Pen White,33.0,355,286,355
Google Striped Penny Pouch,33.0,355,286,356
Google Bottle Cleaner,32.0,357,287,357
Google Cloth & Pouch Black,30.0,358,288,360
Android Geek Pin,30.0,358,288,358
Google Cambridge Campus Tote,30.0,358,288,359
Google Seattle Campus Sticker,29.0,361,289,362
Android Jotter Task Pad,29.0,361,289,361
Google SF Campus Mug,28.0,363,290,363
Google Seattle Campus Unisex Tee,28.0,363,290,364
Google Frisbee,27.0,365,291,365
Google Tonal Tee Spearmint,27.0,365,291,366
YouTube Small Sticker Sheet,26.0,367,292,368
Stainless Bent Straw/Cleaner,26.0,367,292,367
Google Recycled Pen Green,24.0,369,293,369
Android Iconic Bottle Black,24.0,369,293,370
Unisex Google Jumbo Print Tee White,24.0,369,293,371
Android Iconic 4&quot; Decal,23.0,372,294,374
Google Boulder Campus Sticker,23.0,372,294,372
Google Seattle Campus Lapel Pin,23.0,372,294,373
Google PNW Campus Lapel Pin,21.0,375,295,376
Google Chicago Campus Lapel Pin,21.0,375,295,375
Google Cambridge Campus Sticker,20.0,377,296,377
Google Women's Eco Tee Black,18.0,378,297,379
Android Pocket Onesie White,18.0,378,297,378
Android Pocket Toddler Tee White,18.0,378,297,380
Google Cambridge Campus Lapel Pin,15.0,381,298,381
Google Women's Ringer Tee,14.0,382,299,382
Google Mountain View Tee Red,14.0,382,299,383
Google Sunnyvale Campus Sticker,13.0,384,300,385
Google Boulder Campus Lapel Pin,13.0,384,300,384
Google Mountain View Campus Sticker,10.0,386,301,387
Google Kirkland Campus Sticker,10.0,386,301,386
Google PNW Campus Sticker,9.0,388,302,388
Google Bellevue Campus Sticker,8.0,389,303,390
Candy Cane Android Cardboard Sculpture,8.0,389,303,389
Google Kirkland Campus Lapel Pin,6.0,391,304,391
Google Separating Keyring,6.0,391,304,392
Android Flex Journal White,4.0,393,305,393
Google Stylus Pen w/ LED Light,4.0,393,305,394
Google Light Pen Yellow,2.0,395,306,395
(not set),,396,307,396